{
  "BONNER-126": [
    [
      0.7440159574468085,
      0.25792811839323465
    ],
    [
      "BONNER-C126",
      "BONNER-RIGHT-TOP"
    ]
  ],
  "BONNER-C126": [
    [
      0.7985372340425532,
      0.4281183932346723
    ],
    [
      "BONNER-C119",
      "BONNER-EXIT-RIGHT-MID",
      "BONNER-S127",
      "BONNER-127",
      "BONNER-126"
    ]
  ],
  "BONNER-S127": [
    [
      0.7985372340425532,
      0.5528541226215645
    ],
    [
      "BONNER-C126"
    ]
  ],
  "BONNER-118": [
    [
      0.5006648936170213,
      0.6035940803382663
    ],
    [
      "BONNER-C119",
      "BONNER-117A",
      "BONNER-123"
    ]
  ],
  "BONNER-121": [
    [
      0.5738031914893617,
      0.5274841437632135
    ],
    [
      "BONNER-130"
    ]
  ],
  "BONNER-125": [
    [
      0.6482712765957447,
      0.5264270613107822
    ],
    [
      "BONNER-130"
    ]
  ],
  "BONNER-125A": [
    [
      0.6555851063829787,
      0.47780126849894294
    ],
    [
      "BONNER-C119"
    ]
  ],
  "BONNER-127A": [
    [
      0.6615691489361702,
      0.6871035940803383
    ],
    [
      "BONNER-123"
    ]
  ],
  "BONNER-124": [
    [
      0.6303191489361702,
      0.7124735729386892
    ],
    [
      "BONNER-123"
    ]
  ],
  "BONNER-122": [
    [
      0.5924202127659575,
      0.7145877378435518
    ],
    [
      "BONNER-123"
    ]
  ],
  "BONNER-123": [
    [
      0.6097074468085106,
      0.6606765327695561
    ],
    [
      "BONNER-130",
      "BONNER-122",
      "BONNER-124",
      "BONNER-127A",
      "BONNER-118",
      "BONNER-127"
    ]
  ],
  "BONNER-130": [
    [
      0.6110372340425532,
      0.5422832980972516
    ],
    [
      "BONNER-C119",
      "BONNER-125",
      "BONNER-121",
      "BONNER-123"
    ]
  ],
  "BONNER-C119": [
    [
      0.6017287234042553,
      0.4249471458773784
    ],
    [
      "BONNER-C113",
      "BONNER-C126",
      "BONNER-125A",
      "BONNER-130",
      "BONNER-118",
      "BONNER-120",
      "BONNER-120A"
    ]
  ],
  "BONNER-117": [
    [
      0.3696808510638298,
      0.49365750528541225
    ],
    [
      "BONNER-114A",
      "BONNER-C113"
    ]
  ],
  "BONNER-120": [
    [
      0.5751329787234043,
      0.3298097251585624
    ],
    [
      "BONNER-119",
      "BONNER-120E",
      "BONNER-120C",
      "BONNER-C119",
      "BONNER-120B"
    ]
  ],
  "BONNER-120B": [
    [
      0.6549202127659575,
      0.30021141649048627
    ],
    [
      "BONNER-120A",
      "BONNER-120",
      "BONNER-126A"
    ]
  ],
  "BONNER-120A": [
    [
      0.6582446808510638,
      0.3657505285412262
    ],
    [
      "BONNER-C119",
      "BONNER-120B"
    ]
  ],
  "BONNER-120C": [
    [
      0.6236702127659575,
      0.2124735729386892
    ],
    [
      "BONNER-120D",
      "BONNER-120"
    ]
  ],
  "BONNER-120D": [
    [
      0.6063829787234043,
      0.14482029598308668
    ],
    [
      "BONNER-120E",
      "BONNER-120C"
    ]
  ],
  "BONNER-126A": [
    [
      0.6602393617021277,
      0.23255813953488372
    ],
    [
      "BONNER-120B",
      "BONNER-126B"
    ]
  ],
  "BONNER-126B": [
    [
      0.663563829787234,
      0.160676532769556
    ],
    [
      "BONNER-126A",
      "BONNER-RIGHT-TOP"
    ]
  ],
  "BONNER-119A": [
    [
      0.47074468085106386,
      0.2938689217758985
    ],
    [
      "BONNER-119B",
      "BONNER-119"
    ]
  ],
  "BONNER-119": [
    [
      0.47273936170212766,
      0.37420718816067655
    ],
    [
      "BONNER-119A",
      "BONNER-C113",
      "BONNER-120"
    ]
  ],
  "BONNER-119B": [
    [
      0.4747340425531915,
      0.16701902748414377
    ],
    [
      "BONNER-116C",
      "BONNER-119A"
    ]
  ],
  "BONNER-120E": [
    [
      0.5472074468085106,
      0.17653276955602537
    ],
    [
      "BONNER-120",
      "BONNER-120D"
    ]
  ],
  "BONNER-116C": [
    [
      0.375,
      0.17230443974630022
    ],
    [
      "BONNER-116B",
      "BONNER-119B",
      "BONNER-116A"
    ]
  ],
  "BONNER-116": [
    [
      0.37566489361702127,
      0.37103594080338265
    ],
    [
      "BONNER-115",
      "BONNER-116A"
    ]
  ],
  "BONNER-116A": [
    [
      0.37433510638297873,
      0.2928118393234672
    ],
    [
      "BONNER-116",
      "BONNER-116B",
      "BONNER-116C"
    ]
  ],
  "BONNER-116B": [
    [
      0.300531914893617,
      0.226215644820296
    ],
    [
      "BONNER-116A",
      "BONNER-116C"
    ]
  ],
  "BONNER-115": [
    [
      0.30319148936170215,
      0.37315010570824525
    ],
    [
      "BONNER-C113",
      "BONNER-116"
    ]
  ],
  "BONNER-C101": [
    [
      0.2579787234042553,
      0.26215644820295986
    ],
    [
      "BONNER-C101A"
    ]
  ],
  "BONNER-C101A": [
    [
      0.23736702127659576,
      0.34355179704016914
    ],
    [
      "BONNER-107A",
      "BONNER-C101B",
      "BONNER-C101"
    ]
  ],
  "BONNER-C113": [
    [
      0.34242021276595747,
      0.4281183932346723
    ],
    [
      "BONNER-113",
      "BONNER-C107",
      "BONNER-C119",
      "BONNER-117",
      "BONNER-115",
      "BONNER-119"
    ]
  ],
  "BONNER-117A": [
    [
      0.3896276595744681,
      0.5644820295983086
    ],
    [
      "BONNER-118",
      "BONNER-114"
    ]
  ],
  "BONNER-114A": [
    [
      0.3304521276595745,
      0.5634249471458774
    ],
    [
      "BONNER-114",
      "BONNER-117"
    ]
  ],
  "BONNER-114": [
    [
      0.3404255319148936,
      0.6754756871035941
    ],
    [
      "BONNER-117A",
      "BONNER-114A"
    ]
  ],
  "BONNER-110": [
    [
      0.2074468085106383,
      0.6173361522198731
    ],
    [
      "BONNER-110B",
      "BONNER-110C",
      "BONNER-110A",
      "BONNER-C107"
    ]
  ],
  "BONNER-110B": [
    [
      0.2047872340425532,
      0.7103594080338267
    ],
    [
      "BONNER-LEFT-BOTTOM",
      "BONNER-110"
    ]
  ],

  "BONNER-111": [
    [
      0.2613031914893617,
      0.5665961945031712
    ],
    [
      "BONNER-C107"
    ]
  ],
  "BONNER-113": [
    [
      0.2632978723404255,
      0.49577167019027485
    ],
    [
      "BONNER-C113"
    ]
  ],
  "BONNER-109": [
    [
      0.15757978723404256,
      0.554968287526427
    ],
    [
      "BONNER-C107",
      "LOADING-DOCK-NORTH"
    ]
  ],
  "BONNER-110C": [
    [
      0.15691489361702127,
      0.6331923890063424
    ],
    [
      "BONNER-110",
      "LOADING-DOCK-SOUTH"
    ]
  ],
  "BONNER-108": [
    [
      0.14960106382978725,
      0.47780126849894294
    ],
    [
      "BONNER-C107"
    ]
  ],
  "BONNER-C107": [
    [
      0.19215425531914893,
      0.4788583509513742
    ],
    [
      "BONNER-110",
      "BONNER-109",
      "BONNER-112A",
      "BONNER-EXIT-LEFT-MID",
      "BONNER-108",
      "BONNER-111",
      "BONNER-107",
      "BONNER-C113"
    ]
  ],
  "BONNER-112": [
    [
      0.22606382978723405,
      0.5169133192389006
    ],
    [
      "BONNER-112A"
    ]
  ],
  "BONNER-110A": [
    [
      0.25930851063829785,
      0.63107822410148
    ],
    [
      "BONNER-110"
    ]
  ],
  "BONNER-112A": [
    [
      0.23537234042553193,
      0.4725158562367865
    ],
    [
      "BONNER-C107",
      "BONNER-112"
    ]
  ],
  "BONNER-107": [
    [
      0.15558510638297873,
      0.3752642706131078
    ],
    [
      "BONNER-C107",
      "BONNER-107A"
    ]
  ],
  "BONNER-E106": [
    [
      0.18882978723404256,
      0.37209302325581395
    ],
    [
      "BONNER-EXIT-LEFT-MID"
    ]
  ],
  "BONNER-107A": [
    [
      0.15425531914893617,
      0.33192389006342493
    ],
    [
      "BONNER-107",
      "BONNER-C101A"
    ]
  ],
  "BONNER-105": [
    [
      0.14295212765957446,
      0.2959830866807611
    ],
    [
      "BONNER-C101B",
      "BONNER-104"
    ]
  ],
  "BONNER-S101": [
    [
      0.21476063829787234,
      0.23361522198731502
    ],
    [
      "BONNER-C101B"
    ]
  ],
  "BONNER-103": [
    [
      0.19481382978723405,
      0.23255813953488372
    ],
    [
      "BONNER-C101B",
      "BONNER-LEFT-TOP"
    ]
  ],