{
  "CAPEN-272": [
    [
      0.5106888361045131,
      0.8578052550231839
    ],
    [
      "CAPEN-271",
      "CAPEN-273"
    ]
  ],
  "CAPEN-271": [
    [
      0.47387173396674587,
      0.8624420401854714
    ],
    [
      "CAPEN-270",
      "CAPEN-272"
    ]
  ],
  "CAPEN-270": [
    [
      0.4156769596199525,
      0.839258114374034
    ],
    [
      "CAPEN-269D",
      "CAPEN-270C",
      "CAPEN-271"
    ]
  ],
  "CAPEN-270C": [
    [
      0.4334916864608076,
      0.8732612055641422
    ],
    [
      "CAPEN-270",
      "CAPEN-270B"
    ]
  ],
  "CAPEN-270B": [
    [
      0.4192399049881235,
      0.8732612055641422
    ],
    [
      "CAPEN-270C",
      "CAPEN-269C"
    ]
  ],
  "CAPEN-252B": [
    [
      0.5760095011876485,
      0.48377125193199383
    ],
    [
      "CAPEN-C232",
      "CAPEN-252C"
    ]
  ],
  "CAPEN-252C": [
    [
      0.5807600950118765,
      0.5115919629057187
    ],
    [
      "CAPEN-252B",
      "CAPEN-252D"
    ]
  ],
  "CAPEN-252D": [
    [
      0.5807600950118765,
      0.5378670788253478
    ],
    [
      "CAPEN-252C",
      "CAPEN-255A"
    ]
  ],
  "CAPEN-255A": [
    [
      0.5783847980997625,
      0.5672333848531684
    ],
    [
      "CAPEN-252D",
      "CAPEN-255B"
    ]
  ],
  "CAPEN-255B": [
    [
      0.5795724465558195,
      0.5965996908809892
    ],
    [
      "CAPEN-255A",
      "CAPEN-255C"
    ]
  ],
  "CAPEN-255F": [
    [
      0.5700712589073634,
      0.7017001545595054
    ],
    [
      "CAPEN-255E",
      "CAPEN-255G"
    ]
  ],
  "CAPEN-255E": [
    [
      0.5783847980997625,
      0.678516228748068
    ],
    [
      "CAPEN-255D",
      "CAPEN-255F"
    ]
  ],
  "CAPEN-255D": [
    [
      0.5783847980997625,
      0.6506955177743431
    ],
    [
      "CAPEN-255C",
      "CAPEN-255E"
    ]
  ],
  "CAPEN-255C": [
    [
      0.5783847980997625,
      0.6228748068006182
    ],
    [
      "CAPEN-255B",
      "CAPEN-255D"
    ]
  ],
  "CAPEN-252A": [
    [
      0.5427553444180523,
      0.48377125193199383
    ],
    [
      "CAPEN-252",
      "CAPEN-232"
    ]
  ],
  "CAPEN-252": [
    [
      0.5475059382422803,
      0.5255023183925811
    ],
    [
      "CAPEN-255H",
      "CAPEN-252A"
    ]
  ],
  "CAPEN-255H": [
    [
      0.5498812351543944,
      0.5595054095826894
    ],
    [
      "CAPEN-255M",
      "CAPEN-252"
    ]
  ],
  "CAPEN-255J": [
    [
      0.5380047505938242,
      0.5749613601236476
    ],
    [
      "CAPEN-255K",
      "CAPEN-255M"
    ]
  ],
  "CAPEN-255M": [
    [
      0.5534441805225653,
      0.5765069551777434
    ],
    [
      "CAPEN-255J",
      "CAPEN-255H"
    ]
  ],
  "CAPEN-255": [
    [
      0.5522565320665083,
      0.6707882534775889
    ],
    [
      "CAPEN-255G",
      "CAPEN-255L"
    ]
  ],
  "CAPEN-255G": [
    [
      0.5356294536817102,
      0.7001545595054096
    ],
    [
      "CAPEN-255F",
      "CAPEN-255"
    ]
  ],

  "CAPEN-255L": [
    [
      0.5356294536817102,
      0.6491499227202473
    ],
    [
      "CAPEN-255",
      "CAPEN-255K"
    ]
  ],
  "CAPEN-255K": [
    [
      0.5380047505938242,
      0.6213292117465224
    ],
    [
      "CAPEN-255L",
      "CAPEN-255J"
    ]
  ],
  "CAPEN-232": [
    [
      0.4667458432304038,
      0.5239567233384853
    ],
    [
      "CAPEN-252A",
      "CAPEN-232E"
    ]
  ],
  "CAPEN-232F": [
    [
      0.42874109263657956,
      0.5811437403400309
    ],
    [
      "CAPEN-232D"
    ]
  ],
  "CAPEN-232A": [
    [
      0.4168646080760095,
      0.5378670788253478
    ],
    []
  ],
  "CAPEN-208": [
    [
      0.5118764845605701,
      0.21947449768160743
    ],
    [
      "CAPEN-209",
      "CAPEN-S212"
    ]
  ],
  "CAPEN-S212": [
    [
      0.5106888361045131,
      0.23493044822256567
    ],
    [
      "CAPEN-208",
      "CAPEN-S232"
    ]
  ],
  "CAPEN-S232": [
    [
      0.5106888361045131,
      0.3323029366306028
    ],
    [
      "CAPEN-S212",
      "CAPEN-C232A"
    ]
  ],
  "CAPEN-E201": [
    [
      0.42992874109263657,
      0.401854714064915
    ],
    [
      "CAPEN-203",
      "CAPEN-E202"
    ]
  ],
  "CAPEN-E206": [
    [
      0.44655581947743467,
      0.4034003091190108
    ],
    [
      "CAPEN-E205",
      "CAPEN-C232"
    ]
  ],
  "CAPEN-E202": [
    [
      0.4311163895486936,
      0.4281298299845441
    ],
    [
      "CAPEN-E201",
      "CAPEN-E203"
    ]
  ],
  "CAPEN-E205": [
    [
      0.44536817102137766,
      0.4265842349304482
    ],
    [
      "CAPEN-E204",
      "CAPEN-E206"
    ]
  ],
  "CAPEN-E203": [
    [
      0.42992874109263657,
      0.4559505409582689
    ],
    [
      "CAPEN-E202",
      "CAPEN-E204"
    ]
  ],
  "CAPEN-E204": [
    [
      0.44536817102137766,
      0.45440494590417313
    ],
    [
      "CAPEN-E203",
      "CAPEN-E205"
    ]
  ],
  "CAPEN-217": [
    [
      0.22446555819477435,
      0.15765069551777433
    ],
    [
      "CAPEN-C215",
      "CAPEN-218"
    ]
  ],
  "CAPEN-216": [
    [
      0.27434679334916867,
      0.1561051004636785
    ],
    [
      "CAPEN-215",
      "CAPEN-C215"
    ]
  ],
  "CAPEN-215": [
    [
      0.3159144893111639,
      0.14837712519319937
    ],
    [
      "CAPEN-214A",
      "CAPEN-216"
    ]
  ],
  "CAPEN-214A": [
    [
      0.3646080760095012,
      0.1561051004636785
    ],
    [
      "CAPEN-213",
      "CAPEN-215"
    ]
  ],
  "CAPEN-213": [
    [
      0.40973871733966744,
      0.15301391035548687
    ],
    [
      "CAPEN-211",
      "CAPEN-214A"
    ]
  ],
  "CAPEN-211": [
    [
      0.44418052256532065,
      0.1561051004636785
    ],
    [
      "CAPEN-211A",
      "CAPEN-213"
    ]
  ],
  "CAPEN-211A": [
    [
      0.47149643705463185,
      0.1545595054095827
    ],
    [
      "CAPEN-210",
      "CAPEN-211"
    ]
  ],
  "CAPEN-210": [
    [
      0.504750593824228,
      0.15301391035548687
    ],
    [
      "CAPEN-268A",
      "CAPEN-211A",
      "CAPEN-209"
    ]
  ],
  "CAPEN-218": [
    [
      0.2161520190023753,
      0.1901081916537867
    ],
    [
      "CAPEN-217",
      "CAPEN-219"
    ]
  ],
  "CAPEN-219": [
    [
      0.21496437054631828,
      0.21483771251931993
    ],
    [
      "CAPEN-218",
      "CAPEN-S220"
    ]
  ],
  "CAPEN-S220": [
    [
      0.2173396674584323,
      0.23802163833075735
    ],
    [
      "CAPEN-219",
      "CAPEN-201A"
    ]
  ],
  "CAPEN-201A": [
    [
      0.28741092636579574,
      0.2936630602782071
    ],
    [
      "CAPEN-S220",
      "CAPEN-220"
    ]
  ],
  "CAPEN-C215": [
    [
      0.27672209026128264,
      0.1839258114374034
    ],
    [
      "CAPEN-216",
      "CAPEN-217"
    ]
  ],
  "CAPEN-214B": [
    [
      0.34323040380047504,
      0.19629057187017002
    ],
    [
      "CAPEN-207",
      "CAPEN-214"
    ]
  ],


  "CAPEN-214": [
    [
      0.37648456057007124,
      0.19938176197836166
    ],
    [
      "CAPEN-214B",
      "CAPEN-212"
    ]
  ],
  "CAPEN-212": [
    [
      0.4346793349168646,
      0.21483771251931993
    ],
    [
      "CAPEN-214",
      "CAPEN-212A"
    ]
  ],
  "CAPEN-212A": [
    [
      0.46318289786223277,
      0.26584234930448225
    ],
    [
      "CAPEN-212",
      "CAPEN-C212"
    ]
  ],
  "CAPEN-207": [
    [
      0.3646080760095012,
      0.26120556414219476
    ],
    [
      "CAPEN-206",
      "CAPEN-214B"
    ]
  ],
  "CAPEN-206": [
    [
      0.37173396674584325,
      0.31375579598145287
    ],
    [
      "CAPEN-201B",
      "CAPEN-207"
    ]
  ],
  "CAPEN-201B": [
    [
      0.34441805225653205,
      0.31375579598145287
    ],
    [
      "CAPEN-220A",
      "CAPEN-206"
    ]
  ],
  "CAPEN-202A": [
    [
      0.342042755344418,
      0.37712519319938176
    ],
    [
      "CAPEN-227",
      "CAPEN-202"
    ]
  ],
  "CAPEN-202": [
    [
      0.37648456057007124,
      0.3755795981452859
    ],
    [
      "CAPEN-265",
      "CAPEN-202A",
      "CAPEN-S205",
      "CAPEN-203"
    ]
  ],
  "CAPEN-S206": [
    [
      0.3681710213776722,
      0.45440494590417313
    ],
    [
      "CAPEN-S205"
    ]
  ],