{
  "OBRIAN-03": [
    [
      0.7805851063829787,
      0.2959830866807611
    ],
    [
      "OBRIAN-20",
      "OBRIAN-RIGHT-TOP"
    ]
  ],
  "OBRIAN-20": [
    [
      0.6901595744680851,
      0.29809725158562367
    ],
    [
      "OBRIAN-19",
      "OBRIAN-03",
      "OBRIAN-C03"
    ]
  ],
  "OBRIAN-19": [
    [
      0.632313829787234,
      0.29704016913319237
    ],
    [
      "OBRIAN-20",
      "OBRIAN-18",
      "OBRIAN-C03"
    ]
  ],
  "OBRIAN-18": [
    [
      0.5757978723404256,
      0.29704016913319237
    ],
    [
      "OBRIAN-19",
      "OBRIAN-17",
      "OBRIAN-C03"
    ]
  ],
  "OBRIAN-17": [
    [
      0.5172872340425532,
      0.2949260042283298
    ],
    [
      "OBRIAN-18",
      "OBRIAN-16",
      "OBRIAN-C03"
    ]
  ],
  "OBRIAN-16": [
    [
      0.46675531914893614,
      0.29915433403805497
    ],
    [
      "OBRIAN-17",
      "OBRIAN-15",
      "OBRIAN-C03"
    ]
  ],
  "OBRIAN-15": [
    [
      0.4095744680851064,
      0.2843551797040169
    ],
    [
      "OBRIAN-16",
      "OBRIAN-14",
      "OBRIAN-C03"
    ]
  ],
  "OBRIAN-14": [
    [
      0.34308510638297873,
      0.29704016913319237
    ],
    [
      "OBRIAN-15",
      "OBRIAN-05",
      "OBRIAN-C05"
    ]
  ],
  "OBRIAN-05": [
    [
      0.2839095744680851,
      0.2727272727272727
    ],
    [
      "OBRIAN-14",
      "OBRIAN-LEFT-TOP",
      "OBRIAN-C05"
    ]
  ],
  "OBRIAN-S03": [
    [
      0.7779255319148937,
      0.39323467230443976
    ],
    [
      "OBRIAN-01"
    ]
  ],
  "OBRIAN-S03A": [
    [
      0.7087765957446809,
      0.38266384778012685
    ],
    [
      "OBRIAN-C03"
    ]
  ],
  "OBRIAN-04": [
    [
      0.7061170212765957,
      0.4788583509513742
    ],
    [
      "OBRIAN-13C",
      "OBRIAN-C02"
    ]
  ],
  "OBRIAN-01": [
    [
      0.7513297872340425,
      0.5158562367864693
    ],
    [
      "OBRIAN-E02",
      "OBRIAN-01A",
      "OBRIAN-S03"
    ]
  ],
  "OBRIAN-01A": [
    [
      0.8098404255319149,
      0.5116279069767442
    ],
    [
      "OBRIAN-01"
    ]
  ],
  "OBRIAN-C01": [
    [
      0.7293882978723404,
      0.6501057082452432
    ],
    [
      "OBRIAN-TUNNEL-TO-BALDY",
      "OBRIAN-TUNNEL-TO-PARK",
      "OBRIAN-E02",
      "OBRIAN-02"
    ]
  ],
  "OBRIAN-TUNNEL-TO-BALDY": [
    [
      0.8656914893617021,
      0.6416490486257929
    ],
    [
      "OBRIAN-C01",
      "OBRIAN-RIGHT-BOTTOM"
    ]
  ],
  "OBRIAN-TUNNEL-TO-PARK": [
    [
      0.8058510638297872,
      0.7050739957716702
    ],
    [
      "OBRIAN-C01",
      "OBRIAN-RIGHT-BOTTOM"
    ]
  ],
  "OBRIAN-21B": [
    [
      0.5757978723404256,
      0.572938689217759
    ],
    [
      "OBRIAN-21A"
    ]
  ],
  "OBRIAN-RAMP": [
    [
      0.386968085106383,
      0.379492600422833
    ],
    [
      "OBRIAN-C05",
      "OBRIAN-09"
    ]
  ],

  "OBRIAN-C05": [
    [
      0.3078457446808511,
      0.3879492600422833
    ],
    [
      "OBRIAN-05",
      "OBRIAN-RAMP",
      "OBRIAN-C05A",
      "OBRIAN-14"
    ]
  ],
  "OBRIAN-C05A": [
    [
      0.26263297872340424,
      0.37103594080338265
    ],
    [
      "OBRIAN-C05",
      "OBRIAN-E03",
      "OBRIAN-S05"
    ]
  ],
  "OBRIAN-E03": [
    [
      0.23537234042553193,
      0.3985200845665962
    ],
    [
      "OBRIAN-C05A",
      "OBRIAN-S05"
    ]
  ],
  "OBRIAN-S05": [
    [
      0.2360372340425532,
      0.4334038054968288
    ],
    [
      "OBRIAN-C05A",
      "OBRIAN-E03",
      "OBRIAN-06D"
    ]
  ],
  "OBRIAN-06D": [
    [
      0.27726063829787234,
      0.4418604651162791
    ],
    [
      "OBRIAN-S05"
    ]
  ],
  "OBRIAN-09": [
    [
      0.3550531914893617,
      0.4175475687103594
    ],
    [
      "OBRIAN-RAMP",
      "OBRIAN-13"
    ]
  ],
  "OBRIAN-13": [
    [
      0.4009308510638298,
      0.4397463002114165
    ],
    [
      "OBRIAN-09",
      "OBRIAN-C03"
    ]
  ],
  "OBRIAN-12": [
    [
      0.42154255319148937,
      0.514799154334038
    ],
    [
      "OBRIAN-S10",
      "OBRIAN-C03"
    ]
  ],
  "OBRIAN-S10": [
    [
      0.47273936170212766,
      0.5909090909090909
    ],
    [
      "OBRIAN-10",
      "OBRIAN-12"
    ]
  ],
  "OBRIAN-10": [
    [
      0.4162234042553192,
      0.627906976744186
    ],
    [
      "OBRIAN-STAIRS-TO-FIRST-FLOOR",
      "OBRIAN-S10"
    ]
  ],
  "OBRIAN-08": [
    [
      0.3410904255319149,
      0.6627906976744186
    ],
    [
      "OBRIAN-06E",
      "OBRIAN-STAIRS-TO-FIRST-FLOOR"
    ]
  ],
  "OBRIAN-C06": [
    [
      0.2978723404255319,
      0.540169133192389
    ],
    [
      "OBRIAN-06CA",
      "OBRIAN-06E"
    ]
  ],
  "OBRIAN-06E": [
    [
      0.29654255319148937,
      0.6585623678646935
    ],
    [
      "OBRIAN-C06",
      "OBRIAN-08"
    ]
  ],
  "OBRIAN-06CA": [
    [
      0.2679521276595745,
      0.5412262156448203
    ],
    [
      "OBRIAN-06C",
      "OBRIAN-C06"
    ]
  ],
  "OBRIAN-06A": [
    [
      0.22805851063829788,
      0.49365750528541225
    ],
    [
      "OBRIAN-06B",
      "OBRIAN-06C"
    ]
  ],
  "OBRIAN-06B": [
    [
      0.14760638297872342,
      0.47357293868921774
    ],
    [
      "OBRIAN-06A"
    ]
  ],
  "OBRIAN-06C": [
    [
      0.18882978723404256,
      0.620507399577167
    ],
    [
      "OBRIAN-06A",
      "OBRIAN-LEFT-BOTTOM",
      "OBRIAN-06CA"
    ]
  ],
  "OBRIAN-C03": [
    [
      0.5226063829787234,
      0.3953488372093023
    ],
    [
      "OBRIAN-S03A",
      "OBRIAN-13C",
      "OBRIAN-12",
      "OBRIAN-13",
      "OBRIAN-17",
      "OBRIAN-18",
      "OBRIAN-19",
      "OBRIAN-15",
      "OBRIAN-16",
      "OBRIAN-20"
    ]
  ],
  "OBRIAN-21A": [
    [
      0.6343085106382979,
      0.5909090909090909
    ],
    [
      "OBRIAN-02",
      "OBRIAN-21B",
      "OBRIAN-21"
    ]
  ],
  "OBRIAN-C02": [
    [
      0.6795212765957447,
      0.5433403805496829
    ],
    [
      "OBRIAN-04",
      "OBRIAN-E01"
    ]
  ],
  "OBRIAN-E01": [
    [
      0.7061170212765957,
      0.547568710359408
    ],
    [
      "OBRIAN-C02",
      "OBRIAN-E02"
    ]
  ],
  "OBRIAN-E02": [
    [
      0.7034574468085106,
      0.587737843551797
    ],
    [
      "OBRIAN-C01",
      "OBRIAN-E01",
      "OBRIAN-01"
    ]
  ],
  "OBRIAN-13C": [
    [
      0.632313829787234,
      0.4450317124735729
    ],
    [
      "OBRIAN-21",
      "OBRIAN-04",
      "OBRIAN-C03"
    ]
  ],
  "OBRIAN-21": [
    [
      0.6502659574468085,
      0.4978858350951374
    ],
    [
      "OBRIAN-21A",
      "OBRIAN-13C"
    ]
  ],
  "OBRIAN-02": [
    [
      0.6316489361702128,
      0.6754756871035941
    ],
    [
      "OBRIAN-C01",
      "OBRIAN-21A"
    ]
  ],
  "OBRIAN-STAIRS-TO-FIRST-FLOOR": [
    [
      0.46808510638297873,
      0.6966173361522199
    ],
    [
      "OBRIAN-08",
      "OBRIAN-10"
    ]
  ],
  "OBRIAN-LEFT-BOTTOM": [
    [
      0.13231382978723405,
      0.7029598308668076
    ],
    [
      "OBRIAN-06C"
    ]
  ],
  "OBRIAN-LEFT-TOP": [
    [
      0.2533244680851064,
      0.2219873150105708
    ],
    [
      "OBRIAN-05"
    ]
  ],
  "OBRIAN-RIGHT-TOP": [
    [
      0.8357712765957447,
      0.22304439746300211
    ],
    [
      "OBRIAN-03"
    ]
  ],
  "OBRIAN-RIGHT-BOTTOM": [
    [
      0.8337765957446809,
      0.6765327695560254
    ],
    [
      "OBRIAN-TUNNEL-TO-PARK",
      "OBRIAN-TUNNEL-TO-BALDY"
    ]
  ]
}