{
    "Room-WEB-101": [
      [
        0.8570261437908496,
        0.32260101010101006
      ],
      [
        "EXT4",
        "Room-WEB-L102C"
      ]
    ],
    "Room-WEB-102": [
      [
        0.7275326797385621,
        0.46212121212121215
      ],
      []
    ],
    "Room-WEB-103": [
      [
        0.926062091503268,
        0.48611111111111116
      ],
      [
        "Room-WEB-L102C"
      ]
    ],
    "Room-WEB-104": [
      [
        0.7271241830065359,
        0.5031565656565656
      ],
      []
    ],
    "Room-WEB-105": [
      [
        0.6601307189542484,
        0.6079545454545454
      ],
      [
        "EXT0"
      ]
    ],
    "Room-WEB-106": [
      [
        0.6629901960784313,
        0.4842171717171717
      ],
      []
    ],
    "Room-WEB-107": [
      [
        0.6053921568627451,
        0.6079545454545454
      ],
      [
        "EXT0"
      ]
    ],
    "Room-WEB-108": [
      [
        0.6090686274509803,
        0.446969696969697
      ],
      [
        "Room-WEB-C111"
      ]
    ],
    "Room-WEB-109": [
      [
        0.5514705882352942,
        0.6079545454545454
      ],
      [
        "Room-WEB-C104"
      ]
    ],
    "Room-WEB-110": [
      [
        0.551062091503268,
        0.446969696969697
      ],
      [
        "Room-WEB-C111"
      ]
    ],
    "Room-WEB-111": [
      [
        0.49754901960784315,
        0.6079545454545454
      ],
      [
        "Room-WEB-C104"
      ]
    ],
    "Room-WEB-112": [
      [
        0.4963235294117647,
        0.48358585858585856
      ],
      [
        "Room-WEB-C104"
      ]
    ],
    "Room-WEB-113": [
      [
        0.4444444444444444,
        0.6079545454545454
      ],
      [
        "EXT1"
      ]
    ],
    "Room-WEB-114": [
      [
        0.4452614379084967,
        0.48358585858585856
      ],
      [
        "EXT1"
      ]
    ],
    "Room-WEB-115": [
      [
        0.3668300653594771,
        0.48989898989898994
      ],
      [
        "Room-WEB-C108"
      ]
    ],
    "Room-WEB-117": [
      [
        0.352124183006536,
        0.4046717171717171
      ],
      [
        "Room-WEB-C109"
      ]
    ],
    "Room-WEB-118": [
      [
        0.4444444444444444,
        0.41035353535353536
      ],
      [
        "EXT2"
      ]
    ],
    "Room-WEB-119": [
      [
        0.4452614379084967,
        0.2847222222222222
      ],
      [
        "Room-WEB-119A",
        "EXT2"
      ]
    ],
    "Room-WEB-119A": [
      [
        0.3917483660130719,
        0.26262626262626265
      ],
      [
        "Room-WEB-119B",
        "Room-WEB-119"
      ]
    ],
    "Room-WEB-119B": [
      [
        0.36887254901960786,
        0.2727272727272727
      ],
      [
        "Room-WEB-119A"
      ]
    ],
    "Room-WEB-120": [
      [
        0.4963235294117647,
        0.41035353535353536
      ],
      [
        "EXT2"
      ]
    ],
    "Room-WEB-121": [
      [
        0.4979575163398693,
        0.2847222222222222
      ],
      [
        "EXT2"
      ]
    ],
    "Room-WEB-123": [
      [
        0.5514705882352942,
        0.2847222222222222
      ],
      [
        "Room-WEB-C111"
      ]
    ],
    "Room-WEB-125": [
      [
        0.6045751633986928,
        0.2847222222222222
      ],
      [
        "Room-WEB-C111"
      ]
    ],
    "Room-WEB-126": [
      [
        0.6625816993464052,
        0.41035353535353536
      ],
      [
        "EXT3"
      ]
    ],
    "Room-WEB-127": [
      [
        0.6609477124183006,
        0.2847222222222222
      ],
      [
        "EXT3"
      ]
    ],
    "Room-WEB-128": [
      [
        0.7075163398692811,
        0.40909090909090906
      ],
      [
        "Room-WEB-C112"
      ]
    ],
    "Room-WEB-129": [
      [
        0.7254901960784313,
        0.26136363636363635
      ],
      [
        "Room-WEB-129A",
        "Room-WEB-S104"
      ]
    ],
    "Room-WEB-129A": [
      [
        0.7009803921568627,
        0.2702020202020202
      ],
      [
        "Room-WEB-129"
      ]
    ],
    "Room-WEB-130": [
      [
        0.7467320261437909,
        0.4078282828282829
      ],
      [
        "Room-WEB-C112"
      ]
    ],
    "Room-WEB-C101": [
      [
        0.7843137254901961,
        0.2897727272727273
      ],
      [
        "EXT4"
      ]
    ],
    "Room-WEB-C101C": [
      [
        0.608251633986928,
        0.3699494949494949
      ],
      []
    ],
    "Room-WEB-C102": [
      [
        0.8137254901960784,
        0.46590909090909094
      ],
      []
    ],
    "Room-WEB-C102A": [
      [
        0.8741830065359477,
        0.6357323232323233
      ],
      [
        "Room-WEB-L102A",
        "Room-WEB-E101",
        "Room-WEB-E102"
      ]
    ],
    "Room-WEB-C102B": [
      [
        0.608251633986928,
        0.6117424242424243
      ],
      []
    ],
    "Room-WEB-C102C": [
      [
        0.23243464052287582,
        0.6224747474747474
      ],
      []
    ],
    "Room-WEB-C103": [
      [
        0.7075163398692811,
        0.5643939393939394
      ],
      [
        "EXT0",
        "Room-WEB-S102",
        "Room-WEB-L102A",
        "EXT5"
      ]
    ],
    "Room-WEB-C104": [
      [
        0.556781045751634,
        0.5435606060606061
      ],
      [
        "Room-WEB-109",
        "Room-WEB-111",
        "EXT1",
        "Room-WEB-112",
        "EXT0"
      ]
    ],
    "Room-WEB-C106": [
      [
        0.3958333333333333,
        0.5555555555555556
      ],
      [
        "Room-WEB-S113",
        "EXT1",
        "Room-WEB-C108",
        "Room-WEB-C107"
      ]
    ],
    "Room-WEB-C107": [
      [
        0.3300653594771242,
        0.5517676767676767
      ],
      [
        "Room-WEB-C106"
      ]
    ],
    "Room-WEB-C108": [
      [
        0.40604575163398693,
        0.45012626262626265
      ],
      [
        "Room-WEB-C106",
        "Room-WEB-C109",
        "Room-WEB-115"
      ]
    ],
    "Room-WEB-C109": [
      [
        0.38643790849673204,
        0.35164141414141414
      ],
      [
        "Room-WEB-C108",
        "Room-WEB-C117",
        "Room-WEB-S119",
        "EXT2",
        "Room-WEB-117"
      ]
    ],
    "Room-WEB-C111": [
      [
        0.5551470588235294,
        0.34785353535353536
      ],
      [
        "EXT2",
        "Room-WEB-123",
        "Room-WEB-125",
        "EXT3",
        "Room-WEB-108",
        "Room-WEB-110"
      ]
    ],
    "Room-WEB-C112": [
      [
        0.7087418300653595,
        0.34785353535353536
      ],
      [
        "Room-WEB-S104",
        "EXT3",
        "EXT4",
        "Room-WEB-130",
        "Room-WEB-128"
      ]
    ],
    "Room-WEB-C117": [
      [
        0.33619281045751637,
        0.31881313131313127
      ],
      [
        "Room-WEB-C109"
      ]
    ],
    "Room-WEB-E101": [
      [
        0.9072712418300654,
        0.5713383838383839
      ],
      [
        "Room-WEB-S105",
        "Room-WEB-C102A",
        "BALDY00",
        "BALDY06",
        "BALDY03",
        "BALDY04",
        "BALDY02",
        "BALDY05"
      ]
    ],
    "Room-WEB-E102": [
      [
        0.926062091503268,
        0.5713383838383839
      ],
      [
        "Room-WEB-S105",
        "Room-WEB-C102A",
        "BALDY00",
        "BALDY06",
        "BALDY03",
        "BALDY04",
        "BALDY02",
        "BALDY05"
      ]
    ],
    "Room-WEB-L102A": [
      [
        0.806781045751634,
        0.6041666666666667
      ],
      [
        "Room-WEB-C102A",
        "Room-WEB-C103",
        "EXT5"
      ]
    ],
    "Room-WEB-L102B": [
      [
        0.8223039215686274,
        0.48863636363636365
      ],
      [
        "EXT5",
        "Room-WEB-L102C"
      ]
    ],
    "Room-WEB-L102C": [
      [
        0.8782679738562091,
        0.5012626262626263
      ],
      [
        "Room-WEB-L102B",
        "Room-WEB-101",
        "Room-WEB-103"
      ]
    ],