{
    "Room-WEB-200A": [
      [
        0.8051470588235294,
        0.490530303030303
      ],
      [
        "Room-WEB-C200",
        "Room-WEB-200C"
      ]
    ],
    "Room-WEB-200B": [
      [
        0.8051470588235294,
        0.5321969696969697
      ],
      [
        "Room-WEB-200C"
      ]
    ],
    "Room-WEB-200C": [
      [
        0.858251633986928,
        0.4987373737373737
      ],
      [
        "Room-WEB-C200",
        "Room-WEB-200A",
        "Room-WEB-200B"
      ]
    ],
    "Room-WEB-200D": [
      [
        0.8831699346405228,
        0.4147727272727273
      ],
      [
        "Room-WEB-C200"
      ]
    ],
    "Room-WEB-200E": [
      [
        0.860702614379085,
        0.4015151515151515
      ],
      [
        "Room-WEB-C200"
      ]
    ],
    "Room-WEB-200F": [
      [
        0.8329248366013072,
        0.4015151515151515
      ],
      [
        "Room-WEB-C200"
      ]
    ],
    "Room-WEB-200G": [
      [
        0.8361928104575164,
        0.3017676767676768
      ],
      [
        "Room-WEB-C200",
        "Room-WEB-200H",
        "Room-WEB-200J"
      ]
    ],
    "Room-WEB-200H": [
      [
        0.8071895424836601,
        0.2619949494949495
      ],
      [
        "Room-WEB-200G"
      ]
    ],
    "Room-WEB-200J": [
      [
        0.9052287581699346,
        0.22916666666666663
      ],
      [
        "Room-WEB-200G",
        "Room-WEB-200K",
        "Room-WEB-200L"
      ]
    ],
    "Room-WEB-200K": [
      [
        0.9138071895424836,
        0.26957070707070707
      ],
      [
        "Room-WEB-200J"
      ]
    ],
    "Room-WEB-200L": [
      [
        0.9342320261437909,
        0.25883838383838387
      ],
      [
        "Room-WEB-200J",
        "Room-WEB-200M"
      ]
    ],
    "Room-WEB-200M": [
      [
        0.9334150326797386,
        0.3150252525252525
      ],
      [
        "Room-WEB-200N",
        "Room-WEB-200L"
      ]
    ],
    "Room-WEB-200N": [
      [
        0.9072712418300654,
        0.37941919191919193
      ],
      [
        "Room-WEB-200P",
        "Room-WEB-200M"
      ]
    ],
    "Room-WEB-200P": [
      [
        0.9240196078431373,
        0.5018939393939394
      ],
      [
        "Room-WEB-200N"
      ]
    ],
    "Room-WEB-201": [
      [
        0.7144607843137255,
        0.5347222222222222
      ],
      [
        "EXT2"
      ]
    ],
    "Room-WEB-202": [
      [
        0.7798202614379085,
        0.35416666666666663
      ],
      [
        "Room-WEB-C202"
      ]
    ],
    "Room-WEB-203": [
      [
        0.7144607843137255,
        0.49431818181818177
      ],
      [
        "EXT2"
      ]
    ],
    "Room-WEB-204": [
      [
        0.7802287581699346,
        0.4027777777777778
      ],
      [
        "Room-WEB-C204"
      ]
    ],
    "Room-WEB-206": [
      [
        0.7401960784313726,
        0.259469696969697
      ],
      [
        "Room-WEB-206B",
        "Room-WEB-206A",
        "Room-WEB-C202"
      ]
    ],
    "Room-WEB-206A": [
      [
        0.7283496732026143,
        0.2935606060606061
      ],
      [
        "Room-WEB-206"
      ]
    ],
    "Room-WEB-206B": [
      [
        0.6997549019607843,
        0.2941919191919192
      ],
      [
        "Room-WEB-206"
      ]
    ],
    "Room-WEB-208": [
      [
        0.7103758169934641,
        0.37815656565656564
      ],
      [
        "Room-WEB-C204",
        "Room-WEB-208A",
        "Room-WEB-210"
      ]
    ],
    "Room-WEB-208A": [
      [
        0.7058823529411765,
        0.41792929292929293
      ],
      [
        "Room-WEB-208"
      ]
    ],
    "Room-WEB-209": [
      [
        0.6589052287581699,
        0.5460858585858586
      ],
      [
        "Room-WEB-209AB",
        "Room-WEB-C200B",
        "Room-WEB-209C",
        "Room-WEB-209AA",
        "Room-WEB-209B",
        "Room-WEB-209A",
        "EXT1"
      ]
    ],
    "Room-WEB-209A": [
      [
        0.6156045751633987,
        0.5025252525252526
      ],
      [
        "Room-WEB-209"
      ]
    ],
    "Room-WEB-209AA": [
      [
        0.6409313725490197,
        0.557449494949495
      ],
      [
        "Room-WEB-209"
      ]
    ],
    "Room-WEB-209AB": [
      [
        0.6781045751633987,
        0.5896464646464646
      ],
      [
        "Room-WEB-C200B",
        "Room-WEB-209"
      ]
    ],
    "Room-WEB-209B": [
      [
        0.6156045751633987,
        0.5536616161616161
      ],
      [
        "Room-WEB-209"
      ]
    ],
    "Room-WEB-209C": [
      [
        0.6151960784313726,
        0.5972222222222222
      ],
      [
        "Room-WEB-209"
      ]
    ],
    "Room-WEB-210": [
      [
        0.6609477124183006,
        0.4084595959595959
      ],
      [
        "EXT1",
        "Room-WEB-210A",
        "Room-WEB-208"
      ]
    ],
    "Room-WEB-210A": [
      [
        0.6617647058823529,
        0.30366161616161613
      ],
      [
        "Room-WEB-210"
      ]
    ],
    "Room-WEB-211": [
      [
        0.5637254901960784,
        0.5460858585858586
      ],
      [
        "Room-WEB-C209"
      ]
    ],
    "Room-WEB-211A": [
      [
        0.5130718954248366,
        0.5808080808080809
      ],
      [
        "Room-WEB-217"
      ]
    ],
    "Room-WEB-211B": [
      [
        0.4861111111111111,
        0.5808080808080809
      ],
      [
        "Room-WEB-217"
      ]
    ],
    "Room-WEB-211C": [
      [
        0.48733660130718953,
        0.49936868686868685
      ],
      [
        "Room-WEB-217"
      ]
    ],
    "Room-WEB-212": [
      [
        0.6062091503267973,
        0.3402777777777778
      ],
      [
        "Room-WEB-212-05",
        "Room-WEB-212-03",
        "Room-WEB-212A",
        "Room-WEB-212B",
        "Room-WEB-212-04",
        "Room-WEB-212-02",
        "Room-WEB-212-01",
        "EXT1"
      ]
    ],
    "Room-WEB-212-01": [
      [
        0.5996732026143791,
        0.4046717171717171
      ],
      [
        "Room-WEB-212"
      ]
    ],
    "Room-WEB-212-02": [
      [
        0.6200980392156863,
        0.3453282828282829
      ],
      [
        "Room-WEB-212"
      ]
    ],
    "Room-WEB-212-03": [
      [
        0.5870098039215687,
        0.3390151515151515
      ],
      [
        "Room-WEB-212"
      ]
    ],
    "Room-WEB-212-04": [
      [
        0.6241830065359477,
        0.2828282828282829
      ],
      [
        "Room-WEB-212"
      ]
    ],
    "Room-WEB-212-05": [
      [
        0.5882352941176471,
        0.2828282828282829
      ],
      [
        "Room-WEB-212"
      ]
    ],
    "Room-WEB-212A": [
      [
        0.5923202614379085,
        0.24242424242424243
      ],
      [
        "Room-WEB-212"
      ]
    ],
    "Room-WEB-212B": [
      [
        0.6209150326797386,
        0.24242424242424243
      ],
      [
        "Room-WEB-212"
      ]
    ],
    "Room-WEB-213": [
      [
        0.5404411764705882,
        0.49936868686868685
      ],
      [
        "Room-WEB-C209"
      ]
    ],
    "Room-WEB-214": [
      [
        0.5531045751633987,
        0.35290404040404044
      ],
      [
        "Room-WEB-C209"
      ]
    ],
    "Room-WEB-215": [
      [
        0.514297385620915,
        0.49936868686868685
      ],
      [
        "Room-WEB-C209"
      ]
    ],
    "Room-WEB-216": [
      [
        0.497140522875817,
        0.3232323232323232
      ],
      [
        "Room-WEB-C209",
        "Room-WEB-216A"
      ]
    ],
    "Room-WEB-216A": [
      [
        0.5522875816993464,
        0.24810606060606055
      ],
      [
        "Room-WEB-216"
      ]
    ],
    "Room-WEB-217": [
      [
        0.47875816993464054,
        0.5208333333333333
      ],
      [
        "Room-WEB-211B",
        "Room-WEB-211A",
        "Room-WEB-217C",
        "Room-WEB-217AA",
        "Room-WEB-211C",
        "Room-WEB-C209"
      ]
    ],
    "Room-WEB-217A": [
      [
        0.4579248366013072,
        0.5921717171717171
      ],
      [
        "Room-WEB-217C"
      ]
    ],